mcafeetollfreenumber.com,2020-05-07,JP,dns1.onamae.com,3,1,348,46
mcafeeassistancenumber.com,2020-05-12,JP,dns1.onamae.com,3,1,358,42
mcafee99.com,2020-05-13,US,dns1.registrar-servers.com,2,1,291,85
mcafeeeducation.com,2020-05-12,?,ns-cloud-e1.googledomains.com,1,1,343,57
mcafeedomain.com,2020-05-14,US,ns03.domaincontrol.com,1,1,320,66
mcafeeassistanceservices.com,2020-05-15,JP,dns1.onamae.com,3,1,337,40
mcafeeuk.com,2020-05-15,US,ns1.bh-ht-10.webhostbox.net,2,1,308,85
mmcafeeuk.com,2020-05-15,US,ns1.bh-ht-10.webhostbox.net,2,1,302,80
mcafeeglascock.com,2020-05-16,US,ns53.domaincontrol.com,3,1,328,60
mcafeecomactive.com,2020-05-21,US,dns1.namecheaphosting.com,1,1,311,57
mcafeeconstruction.com,2020-05-19,CA,ns1.uniregistrymarket.link,3,1,351,50
mcaefee.com,2020-05-26,US,ns1.bodis.com,0,1,266,92
mcafeeandtaft.com,2020-05-28,US,ns35.domaincontrol.com,0,1,321,63
mcaffeecare.com,2020-05-28,US,ns37.domaincontrol.com,0,1,287,70
mcacfeerebates.com,2020-05-26,CH,ns1.panamans.com,0,1,323,60
mcafee-upgrade.com,2020-06-03,?,ns8.resellerclub.com,3,1,357,60
mcafee1-mcafee1.com,2020-06-06,?,now1.dns.com,0,1,301,57
mcafeeact.com,2020-06-06,?,now1.dns.com,0,1,287,80
mcafeecorporation.com,2020-06-05,CL,ns1.panamans.com,0,1,340,52
mcafeeproductactivate.com,2020-06-06,US,ns37.domaincontrol.com,3,1,359,44
mcafee-activation.xyz,2020-06-07,US,ns29.domaincontrol.com,2,1,378,52
mcafee-activationn.com,2020-06-06,US,ns29.domaincontrol.com,1,1,348,50
mcafee-france.com,2020-06-08,FR,dns109.ovh.net,0,1,317,63
mcafeebtc.info,2020-06-10,US,jerome.ns.cloudflare.com,2,1,337,80
mcafeepaymentlink.com,2020-06-09,US,ns13.domaincontrol.com,1,1,365,52
mcafee-activate-en.com,2020-06-10,US,ns1.dynadot.com,2,1,339,50
mcafee6.net,2020-06-10,US,ns51.domaincontrol.com,0,1,302,92
mcafeemobilescurity.com,2020-06-11,US,ns1.smartname.com,1,1,372,48
mcafee-media.com,2020-06-12,US,pdns1.registrar-servers.com,0,1,315,66
mcafeemx.com,2020-06-12,US,ns27.domaincontrol.com,0,1,285,85
mcafeemx.com,2020-06-12,US,ns27.domaincontrol.com,1,1,285,85
mcafee-activations.com,2020-06-15,?,now1.dns.com,2,1,357,50
mcafee-activate-mcafee.com,2020-06-17,RU,n.i7.ru,3,1,322,42
mcafee-mtp-retailcard.com,2020-06-04,?,ns1.ultraparking.net,3,1,364,44
mcafee-activate-mcafee.com,2020-06-17,RU,n.i7.ru,3,1,322,42
mcafee-seguridadtotal.com,2020-06-26,US,ns47.domaincontrol.com,0,1,386,44
mcafeehelpsupports.com,2020-06-25,CH,ns1.panamans.com,4,1,366,50
mcafeemvision.com,2020-06-26,NL,ns1.hostnet.nl,0,1,333,63
mcafeejohn.com,2020-06-26,RU,ns1.justhost.ru,2,1,323,75
mcafee-endpoint.com,2020-07-01,US,brit.ns.cloudflare.com,1,1,357,57
mcafeecomactivatekey.com,2020-07-01,US,teagan.ns.cloudflare.com,4,1,335,46
mcafeecomsactivate.com,2020-07-02,US,ns1.dnsowl.com,3,1,326,50
mcafreemobilesecurity.com,2020-07-02,CL,ns1.panamans.com,1,1,370,44
mcafeeseguridadtotal.com,2020-07-04,US,ns43.domaincontrol.com,1,1,377,46
mmcafeecomactivate.com,2020-07-03,US,ns1.vultr.com,2,1,311,50
mcafeecomactivate.xyz,2020-07-06,US,ns27.domaincontrol.com,3,1,352,52
