bananagod.com,2020-05-07,?,ns-cloud-a1.googledomains.com,2,1,302,80
banananonatsu.com,2020-05-08,?,,2,1,302,63
bananas-premium.com,2020-05-07,US,ns144.neubox.net,2,1,364,57
bananaspartyboutique.com,2020-05-07,US,dns1.p01.nsone.net,2,1,383,46
bananasplitcookieco.com,2020-05-08,US,ns03.domaincontrol.com,1,1,358,48
bananaswellness.com,2020-05-07,US,ns03.domaincontrol.com,1,1,328,57
bananeer.com,2020-05-09,US,,1,1,308,71
banangaservices.com,2020-05-07,US,ns03.domaincontrol.com,1,1,357,57
bananiexpress.com,2020-05-08,DE,ns1.goviralhost.com,2,1,361,52
bananite.com,2020-05-09,US,,2,1,325,71
bananize.com,2020-05-09,US,,1,1,325,71
bananizer.com,2020-05-09,US,,1,1,339,66
bannanagod.com,2020-05-07,?,ns-cloud-a1.googledomains.com,0,1,298,75
banyanaquaponics.com,2020-05-09,?,abby.ns.cloudflare.com,0,1,348,54
bananabandito.com,2020-05-10,US,ns39.domaincontrol.com,2,1,310,63
bananabet-th.com,2020-05-10,US,ns45.domaincontrol.com,1,1,332,66
bananadoor.com,2020-05-10,IT,dns.technorail.com,1,1,298,75
bananandolon.com,2020-05-11,US,dilbert.ns.cloudflare.com,1,1,290,66
bandanamanufacture.com,2020-05-10,?,,0,1,344,50
bandanaparty.com,2020-05-10,FR,dns110.ovh.net,1,1,337,66
bandanasaurus.com,2020-05-10,JP,dns01.gmoserver.jp,1,1,326,63
bandanasupplier.com,2020-05-10,?,,0,1,378,57
barnanadhikari.com,2020-05-10,US,ns10.wixdns.net,1,1,339,60
banana.guru,2020-05-10,US,ns63.domaincontrol.com,3,1,266,100
bananabao.net,2020-05-11,IR,dm1.dns.com,1,1,256,80
barnana.net,2020-05-08,SC,dm1.dns.com,1,1,259,92
bananagowee.com,2020-05-11,CA,ns-cloud-b1.googledomains.com,2,1,318,70
bananapuddingguy.com,2020-05-11,US,ns27.domaincontrol.com,2,1,354,54
bananarepbblic.com,2020-05-11,CL,ns1.panamans.com,1,1,341,60
bananarrepublicfactoryoutlet.com,2020-05-11,CL,ns1.panamans.com,1,1,384,35
bananfactory.com,2020-05-11,?,,1,1,332,66
bananaclassifieds.com,2020-05-11,US,nsg1.namebrightdns.com,2,1,349,52
bananafactorystore.com,2020-05-11,?,,1,1,351,50
banana-lounge.com,2020-05-12,US,ns27.domaincontrol.com,3,1,341,63
bananaark.com,2020-05-09,US,ns1.bluehost.com,2,1,293,80
bananabandito.com,2020-05-10,US,ns39.domaincontrol.com,2,1,310,63
bananabet-th.com,2020-05-10,US,ns45.domaincontrol.com,1,1,332,66
bananaclassifieds.com,2020-05-11,US,nsg1.namebrightdns.com,2,1,349,52
bananacrop.com,2020-05-12,US,,2,1,303,75
bananadoor.com,2020-05-10,IT,dns.technorail.com,1,1,298,75
bananafactorystore.com,2020-05-12,?,,1,1,351,50
bananagowee.com,2020-05-11,CA,ns-cloud-b1.googledomains.com,2,1,318,70
bananandolon.com,2020-05-11,US,dilbert.ns.cloudflare.com,1,1,290,66
banananutcookie.com,2020-05-12,US,ns27.domaincontrol.com,1,1,339,57
bananapeelracing.com,2020-05-09,US,ns27.domaincontrol.com,1,1,348,54
bananapuddingguy.com,2020-05-11,US,ns27.domaincontrol.com,2,1,354,54
bananarepbblic.com,2020-05-11,CL,ns1.panamans.com,1,1,341,60
bananarrepublicfactoryoutlet.com,2020-05-11,CL,ns1.panamans.com,1,1,384,35
bananfactory.com,2020-05-12,?,,1,1,332,66
bananzaaffiliates.com,2020-05-12,DE,ns1.name.com,1,1,355,52
bandanado.com,2020-05-11,US,ns27.domaincontrol.com,1,1,287,80
bandanama.com,2020-05-12,CA,ns-cloud-a1.googledomains.com,2,1,277,80
bandanamanufacture.com,2020-05-10,?,,0,1,344,50
bandanaparty.com,2020-05-10,FR,dns110.ovh.net,1,1,337,66
bandanas.direct,2020-05-12,US,ns27.domaincontrol.com,1,1,332,85
bandanasaurus.com,2020-05-10,JP,dns01.gmoserver.jp,1,1,326,63
bandanashield.com,2020-05-09,US,ns55.domaincontrol.com,1,1,357,63
bandanasupplier.com,2020-05-10,?,,0,1,378,57
bananaecomstudio.com,2020-05-12,US,ns144.neubox.net,2,1,354,54
bananaseuromex.com,2020-05-13,US,ns144.neubox.net,2,1,346,60
bananaspec.com,2020-05-13,US,ns33.domaincontrol.com,1,1,318,75
bananasplitphotography.com,2020-05-12,US,ns1.wordpress.com,2,1,379,42
bananastroll.com,2020-05-13,?,dns9.hichina.com,0,1,332,66
bandanaprint.com,2020-05-13,US,ns59.domaincontrol.com,1,1,340,66
banana-smiles.com,2020-05-13,FR,dns111.ovh.net,1,1,345,63
banana-speed.com,2020-05-14,US,braden.ns.cloudflare.com,2,1,345,66
banana112.com,2020-05-14,?,,3,1,302,80
bananabattle.net,2020-05-13,GB,ns.heartinternet.uk,2,1,265,66
bananabattlegame.net,2020-05-13,GB,ns.heartinternet.uk,1,1,292,54
bananaive.top,2020-05-14,CN,dns13.hichina.com,1,1,318,80
bananameetspudding.com,2020-05-14,US,dns1.p06.nsone.net,2,1,375,50
banananokamisama.com,2020-05-14,JP,dns1.onamae.com,1,1,297,54
bananapop.net,2020-05-12,?,ns-cloud-d1.googledomains.com,1,1,281,80
bananasms.com,2020-05-13,FR,dns111.ovh.net,3,1,287,80
bananasordinance.com,2020-05-13,US,dns1.p02.nsone.net,2,1,332,54
banana-4-scale.com,2020-05-14,?,sara.ns.cloudflare.com,0,1,339,60
banana47.club,2020-05-14,US,ns03.domaincontrol.com,0,1,302,85
banana47.life,2020-05-15,US,ns03.domaincontrol.com,0,1,318,85
bananaapeel.com,2020-05-14,US,ns63.domaincontrol.com,0,1,310,70
bananabulls.com,2020-05-14,DE,shades16.rzone.de,2,1,318,70
bananariot.com,2020-05-14,US,ns35.domaincontrol.com,3,1,318,75
bandana.team,2020-05-15,FR,dns111.ovh.net,1,1,275,92
bandanasuperstores.com,2020-05-15,?,,0,1,366,50
banana-asia.com,2020-05-15,US,dns208.a.register.com,3,1,299,70
banana-bar.com,2020-05-16,US,ns43.domaincontrol.com,2,1,295,75
banana-club.net,2020-05-16,?,,3,1,313,70
banana-mc.net,2020-05-15,DE,ns1.zap-hosting.com,2,1,296,80
bananababystore.com,2020-05-15,CA,ns45.domaincontrol.com,3,1,336,57
bananabandanas.com,2020-05-16,US,,1,1,275,60
bananabao.net,2020-05-16,IR,dm1.dns.com,1,1,256,80
bananabl.net,2020-05-16,?,dns19.hichina.com,0,1,262,85
bananablin.com,2020-05-16,RU,ns1.reg.ru,1,1,298,75
bananamiami.com,2020-05-15,US,ns77.domaincontrol.com,2,1,278,70
bananarepullic.com,2020-05-15,CL,ns1.panamans.com,1,1,357,60
bananasbrand.com,2020-05-16,CA,ns-cloud-c1.googledomains.com,2,1,307,66
bananawoman.com,2020-05-16,US,ns45.domaincontrol.com,2,1,278,70
banani-bazar.com,2020-05-15,US,,0,1,325,66
bananight666.com,2020-05-16,CN,dns15.hichina.com,1,1,345,55
bandanababes.com,2020-05-16,US,dns1.p02.nsone.net,3,1,307,66
bhanana.com,2020-05-15,US,ns77.domaincontrol.com,2,1,284,92
balanano.com,2020-05-16,US,ns37.domaincontrol.com,1,1,285,71
banalaya.com,2020-05-17,?,ns-cloud-c1.googledomains.com,0,1,291,71
banana-gaming.com,2020-05-17,CA,ns-cloud-b1.googledomains.com,3,1,310,63
bananalnarepublika.com,2020-05-16,US,ns6495.hostgator.com,2,1,353,50
bananamambo.com,2020-05-17,ES,ns1.evs20.com,2,1,265,70
banannahobby.com,2020-05-16,AU,ns2.above.com,2,1,298,66
bandana.style,2020-05-17,US,dns1.registrar-servers.com,2,1,318,92
bandanabrand.com,2020-05-16,US,ns37.domaincontrol.com,2,1,295,66
bandanas.style,2020-05-17,US,dns1.registrar-servers.com,1,1,318,85
bandanashirt.com,2020-05-16,US,ns11.domaincontrol.com,1,1,357,66
bandanashirts.com,2020-05-16,US,ns53.domaincontrol.com,1,1,357,63
bandanaskins.com,2020-05-17,US,,1,1,328,66
bananababyoil.com,2020-05-18,US,ns55.domaincontrol.com,1,1,310,63
bananabooths.com,2020-05-18,FR,dns111.ovh.net,1,1,315,66
bananaleafsa.com,2020-05-17,US,dns1.supremepanel.com,1,1,314,66
bananaonlinestore.com,2020-05-18,TH,th15.hostatom.com,0,1,346,52
bananarepublicfacotry.com,2020-05-18,CH,ns1.panamans.com,1,1,381,44
bananas-4-scale.com,2020-05-17,US,ns1.iviewer.com,0,1,340,57
bananasnews.com,2020-05-17,US,ns29.domaincontrol.com,2,1,313,70
baoanalytics.com,2020-05-18,?,ns-375.awsdns-46.com,0,1,345,55
banana---stand.com,2020-05-20,?,ns-cloud-d1.googledomains.com,0,1,319,60
banana--stand.com,2020-05-20,?,ns-cloud-c1.googledomains.com,0,1,321,63
bananahouse.info,2020-05-20,US,ns10.dnsmadeeasy.com,3,1,328,70
bananaleafcompany.com,2020-05-19,US,ns71.domaincontrol.com,1,1,332,52
bananapowers.com,2020-05-19,CA,ns57.domaincontrol.com,2,1,345,66
bananarunnerapp.com,2020-05-20,US,ns-cloud-d1.googledomains.com,0,1,319,57
bananasmex.com,2020-05-19,US,ns71.domaincontrol.com,1,1,318,75
bananastand.world,2020-05-20,?,ns-cloud-b1.googledomains.com,0,1,321,70
bananatiendaonline.com,2020-05-20,ES,ns1.dondominio.com,1,1,329,50
bananaweddings.com,2020-05-20,US,ns10.dnsmadeeasy.com,2,1,353,60
bananazul.com,2020-05-19,?,ns-cloud-e1.googledomains.com,2,1,318,80
bananafit.club,2020-05-20,US,dns1.namecheaphosting.com,2,1,318,80
bananainteriors.com,2020-05-20,US,ns47.domaincontrol.com,0,1,343,57
banananewss.com,2020-05-21,KR,ns1.whoisdomain.kr,0,1,313,70
bananasecamelos.com,2020-05-21,US,ns1.bluehost.com,2,1,319,57
bananabagapparel.com,2020-05-21,CA,ns-cloud-b1.googledomains.com,2,1,324,54
bananabravo.com,2020-05-22,US,ns59.domaincontrol.com,0,1,297,70
bananaengine.net,2020-05-22,?,ns-534.awsdns-02.net,1,1,268,66
bananaministry.com,2020-05-22,US,ns1.dreamhost.com,0,1,341,60
bananatips.com,2020-05-22,US,ns27.domaincontrol.com,1,1,332,75
bancanalisis.com,2020-05-22,US,ns29.domaincontrol.com,0,1,320,66
bananachat.top,2020-05-21,?,,0,1,295,75
bananasilo.com,2020-05-22,US,ns1.dnsowl.com,0,1,318,75
bananaengine.net,2020-05-22,?,ns-534.awsdns-02.net,1,1,268,66
bananahosting.org,2020-05-23,?,ns-cloud-c1.googledomains.com,0,1,329,63
bandana.studio,2020-05-23,FR,dns109.ovh.net,0,1,318,92
bananan.xyz,2020-05-23,US,meg.ns.cloudflare.com,1,1,259,92
bandanaisthebest.com,2020-05-23,US,ns77.domaincontrol.com,0,1,358,54
bananaburrito.com,2020-05-24,US,ns1.undeveloped.com,0,1,333,63
bananacarmedia.com,2020-05-23,US,ns1.dreamhost.com,1,1,319,60
bananacaty.com,2020-05-23,US,dns109.a.register.com,2,1,295,75
bananaconsepz.com,2020-05-23,US,ns37.domaincontrol.com,0,1,329,63
bananafimls.com,2020-05-23,ES,ns.dinahosting.com,0,1,332,70
bananainvest.com,2020-05-23,US,,3,1,340,66
bajanaybajanaec.com,2020-05-23,?,ns-cloud-b1.googledomains.com,0,1,301,57
bananaburrito.com,2020-05-24,US,ns1.undeveloped.com,1,1,333,63
bananacarmedia.com,2020-05-24,US,ns1.dreamhost.com,1,1,319,60
bananaconsepz.com,2020-05-23,US,ns37.domaincontrol.com,0,1,329,63
bananacrisp.net,2020-05-24,FR,ns1.gandi.net,0,1,327,70
bananaden.com,2020-05-23,CA,ns-cloud-b1.googledomains.com,2,1,296,80
bananafimls.com,2020-05-23,ES,ns.dinahosting.com,0,1,332,70
bananainvest.com,2020-05-23,US,,3,1,340,66
bananaloot.net,2020-05-23,US,ns6143.hostgator.com,2,1,284,75
bananarchydigital.com,2020-05-22,?,ns-cloud-e1.googledomains.com,0,1,372,52
bananarejpublic.com,2020-05-22,CL,ns1.panamans.com,0,1,368,57
bananarepublicfactorygapfactory.com,2020-05-22,CL,ns1.panamans.com,1,1,384,32
bananawash.com,2020-05-22,US,ns1.dan.com,2,1,309,75
bandanaisthebest.com,2020-05-23,US,ns77.domaincontrol.com,0,1,358,54
balanadigital.com,2020-05-25,DE,ns1.dns-parking.com,0,1,338,52
bananabagtw.net,2020-05-25,SC,dm1.dns.com,0,1,278,70
bananafarmlodge.com,2020-05-25,RO,ns1.namebox.ro,1,1,351,57
bananafrnew.mobi,2020-05-25,?,,0,1,328,70
bananamc.club,2020-05-24,US,harleigh.ns.cloudflare.com,2,1,287,85
bananarwpublicfactory.com,2020-05-25,CH,ns1.panamans.com,0,1,381,44
bananasam.com,2020-05-24,US,ns39.domaincontrol.com,2,1,277,80
bananapod.com,2020-05-25,US,ns1.dynadot.com,3,1,302,80
bananas-ecuador.com,2020-05-26,RU,server45.hosting.reg.ru,2,1,351,57
bananabreadwine.com,2020-05-26,US,,0,1,336,57
baknanashop.com,2020-05-28,US,dns1.registrar-servers.com,1,1,332,70
bananapharmacy.com,2020-05-27,US,ns1.dnsowl.com,0,1,319,60
bananariveryard.com,2020-05-28,US,ns09.domaincontrol.com,0,1,347,57
bananatruck.com,2020-05-28,CA,ns1.uniregistrymarket.link,3,1,332,70
bananatrucks.com,2020-05-28,CA,ns1.uniregistrymarket.link,2,1,345,66
bananipop.com,2020-05-28,?,,0,1,308,66
bandanaonline.com,2020-05-28,US,ns1.domain.com,2,1,321,63
bahnanabling.com,2020-05-29,US,ns37.domaincontrol.com,0,1,328,66
banana909.com,2020-05-29,CN,f1g1ns1.dnspod.net,0,1,302,80
bananabreadcook.com,2020-05-29,US,julissa.ns.cloudflare.com,1,1,326,57
bananacreativefamily.com,2020-05-29,TH,dns1.name-services.com,1,1,368,46
bananight3.com,2020-05-29,CN,dns13.hichina.com,0,1,352,62
bandanamusic.com,2020-05-29,US,dns1.sitezoogle.com,1,1,332,66
bananaerp.com,2020-05-30,?,,2,1,318,80
banananutritioncalories.com,2020-05-30,US,dns1.namecheaphosting.com,1,1,358,41
bananasustainability.com,2020-05-29,VG,NS55.WORLDNIC.com,0,1,345,46
bandanacollage.com,2020-05-30,US,rns19.webhostbox.net,1,1,328,60
banana23.com,2020-05-29,UA,dns1.hostiq.ua,0,1,302,85
bananaleafcannabis.com,2020-05-30,US,ns11.domaincontrol.com,0,1,320,50
bananasabroad.com,2020-05-29,?,ns-cloud-d1.googledomains.com,0,1,305,63
bananatechllc.com,2020-05-30,US,ns1.adroitwebdesigns.com,2,1,329,63
banannaleafcannabis.com,2020-05-30,US,ns43.domaincontrol.com,0,1,317,48
banana-clips.com,2020-05-31,US,ns23.domaincontrol.com,0,1,345,66
banana.graphics,2020-06-01,VG,NS63.WORLDNIC.COM,2,1,324,100
bananabread4u.com,2020-05-27,US,jasmine.ns.cloudflare.com,1,1,338,63
bananabreadfood.com,2020-06-01,US,arturo.ns.cloudflare.com,1,1,326,57
bananalifee.com,2020-06-01,US,carl.ns.cloudflare.com,1,1,332,70
bananalove.com,2020-05-26,?,,3,1,318,75
bananamorphism.com,2020-06-01,US,dns1.p05.nsone.net,1,1,341,60
bananaselectshop.com,2020-05-27,US,ns59.domaincontrol.com,0,1,358,54
bananayeet.com,2020-05-31,DE,ns1.dns-parking.com,0,1,318,75
bandanaslide.com,2020-05-26,US,,0,1,345,66
bandanaville.com,2020-06-01,US,ns43.domaincontrol.com,0,1,345,66
baninas.com,2020-06-01,?,ns-cloud-d1.googledomains.com,0,1,309,76
banana-bands.com,2020-06-02,US,ns71.domaincontrol.com,0,1,307,66
banana-gang.com,2020-06-01,US,ns01.domaincontrol.com,0,1,292,70
banana-suit.com,2020-06-02,JP,dns1.onamae.com,0,1,345,70
bananaana.com,2020-06-02,US,ns1049.ui-dns.org,4,1,244,80
bananababymx.com,2020-06-01,US,ns1.correospro.com,1,1,295,66
bananafunnels.com,2020-06-01,US,ns1.dnsowl.com,0,1,333,63
bananajunctiontoys.com,2020-06-01,CH,ns1.panamans.com,2,1,348,50
bananalearning.com,2020-06-01,US,nsg1.namebrightdns.com,1,1,328,60
bananalwatan.com,2020-06-02,US,ns1.enter-system.com,2,1,297,66
bananarepybluc.com,2020-06-01,CH,ns1.panamans.com,0,1,357,60
bananasecret.com,2020-06-02,FR,dns109.ovh.net,2,1,332,66
bananasforscale.com,2020-06-02,US,ns05.domaincontrol.com,1,1,340,57
bananawicker.com,2020-06-01,VG,ns1626.ztomy.com,3,1,345,66
bananabap.com,2020-06-03,US,ns13.domaincontrol.com,0,1,277,80
bananabreadmia.com,2020-06-03,US,ns31.domaincontrol.com,0,1,319,60
bananabreadmiami.com,2020-06-03,US,ns05.domaincontrol.com,0,1,320,54
bananagolfclub.com,2020-06-03,US,dns1.p07.nsone.net,2,1,335,60
bananaples.com,2020-06-03,CA,dns31.hichina.com,0,1,332,75
bananatales.com,2020-06-02,US,ns1.bodis.com,2,1,324,70
bananawin.com,2020-06-02,?,ns-867.awsdns-44.net,3,1,296,80
bannanashowroom.com,2020-06-02,US,ns144.neubox.net,2,1,322,57
bananakonnection.com,2020-06-04,IT,dns.technorail.com,0,1,316,54
bananalashes.com,2020-06-03,US,ns1.dan.com,2,1,325,66
bananaleafdecor.com,2020-06-03,?,dns.home.pl,0,1,340,57
bananatag.life,2020-06-04,US,ns1.systemdns.com,2,1,309,80
bananna.info,2020-06-04,?,dana.ns.cloudflare.com,2,1,252,92
banannas.info,2020-06-04,?,dana.ns.cloudflare.com,2,1,271,85
bannanas.info,2020-06-04,?,dana.ns.cloudflare.com,2,1,271,85
banana-ball.com,2020-06-05,CA,ns-cloud-d1.googledomains.com,3,1,297,70
bananaseatsquad.com,2020-06-05,US,ns19.domaincontrol.com,0,1,342,57
bananaboiii.com,2020-06-06,?,ns-cloud-c1.googledomains.com,0,1,287,70
bananack.com,2020-06-06,?,dns3.hichina.com,0,1,285,85
bananakiwi.com,2020-06-05,US,ns1.namebrightdns.com,2,1,318,75
bananareunlic.com,2020-06-05,CL,ns1.panamans.com,0,1,341,63
bananaswhipped.com,2020-06-06,US,ns75.domaincontrol.com,0,1,368,60
banancams.com,2020-06-05,CH,ns1.panamans.com,0,1,287,80
bandanading.xyz,2020-06-06,?,ns7.alidns.com,0,1,313,70
banananailboutique.com,2020-06-07,US,logan.ns.cloudflare.com,2,1,351,50
bananat.com,2020-06-06,US,nsg1.namebrightdns.com,2,1,284,92
bandanababedesigns.com,2020-06-07,US,ns49.domaincontrol.com,0,1,339,50
bandanading.website,2020-06-07,?,ns7.alidns.com,0,1,332,70
jananadvertising.com,2020-06-07,US,dns1.123hjemmeside.dk,2,1,374,45
bananabidet.com,2020-06-08,CA,ns1.hover.com,0,1,332,70
bananakahu.com,2020-06-08,CA,ns65.domaincontrol.com,2,1,309,75
bananalabs.tech,2020-06-07,US,ns59.domaincontrol.com,3,1,310,75
bananalulustore.com,2020-06-08,US,ns65.domaincontrol.com,0,1,357,57
bananamandkb7.com,2020-06-07,US,john.ns.cloudflare.com,1,1,310,63
bananapie2.com,2020-06-07,VG,ns1626.ztomy.com,3,1,332,75
bananas.tech,2020-06-08,?,,1,1,302,92
bananatitan.com,2020-06-07,?,ns-cloud-a1.googledomains.com,0,1,292,70
cananaslan.com,2020-06-07,DE,ns1.dns-parking.com,1,1,275,62
bananadvd.com,2020-06-09,SC,jm1.dns.com,3,1,302,80
bananahugger.com,2020-06-09,US,ns-cloud-d1.googledomains.com,0,1,345,66
bananahuggers.com,2020-06-09,CA,ns-cloud-c1.googledomains.com,2,1,357,63
bananaindia.com,2020-06-09,US,ns45.domaincontrol.com,2,1,292,70
bananaleafspain.com,2020-06-09,US,ns57.domaincontrol.com,0,1,338,57
bananaplays.com,2020-06-08,NL,ns-cloud-b1.googledomains.com,1,1,324,70
bananasoliticecreamshop.com,2020-06-08,CL,ns1.panamans.com,0,1,373,41
bananazentertainment.com,2020-06-09,US,ns57.domaincontrol.com,0,1,328,46
beananamazingyear.com,2020-06-09,JP,ns-a1.cloud.z.com,0,1,342,52
banana0001.com,2020-06-10,KR,ns.gabia.co.kr,0,1,298,75
banana0002.com,2020-06-10,KR,ns.gabia.co.kr,0,1,298,75
bananamarkt.com,2020-06-09,US,ns13.domaincontrol.com,0,1,310,70
bananasbaby.com,2020-06-09,CA,ns-cloud-b1.googledomains.com,2,1,292,70
bananasproduction.com,2020-06-10,US,ns41.domaincontrol.com,2,1,361,52
bandanadogdays.com,2020-06-09,?,jm1.dns.com,2,1,323,60
banana-graphics.com,2020-06-11,JP,,3,1,361,57
bananaman.net,2020-06-11,?,buck.ns.cloudflare.com,1,1,246,80
bandanaf.com,2020-06-13,CA,dns1.registrar-servers.com,2,1,302,85
bananapublicfactory.com,2020-06-12,CL,ns1.panamans.com,0,1,370,48
bananaedition.com,2020-06-13,?,,0,1,329,63
bananaoohnana.com,2020-06-13,DE,ns1100.ui-dns.de,0,1,265,63
bananapublicfactory.com,2020-06-13,CH,ns1.panamans.com,0,1,370,48
bananaukproperty.com,2020-06-13,US,ns33.domaincontrol.com,0,1,368,54
bandanas.biz,2020-06-13,US,ns33.domaincontrol.com,2,1,285,85
bandanasun.com,2020-06-12,CA,ns-cloud-e1.googledomains.com,2,1,312,75
banana-souko.com,2020-06-14,JP,master.dns.ne.jp,1,1,328,66
bananaballoon.com,2020-06-13,?,,2,1,282,63
bananaboxdaddy.com,2020-06-13,US,ns51.domaincontrol.com,0,1,312,60
bananacama.com,2020-06-14,CA,ns53.domaincontrol.com,2,1,254,75
bananapro.net,2020-06-14,US,garrett.ns.cloudflare.com,2,1,296,80
bananasyberries.com,2020-06-14,US,ns1.bluehost.com,1,1,347,57
bandanatime.com,2020-06-13,US,ns51.domaincontrol.com,1,1,332,70
bafanashipping.com,2020-06-15,US,sns11.hostgator.in,2,1,357,50
banafacil.com,2020-06-14,US,ns75.domaincontrol.com,0,1,318,66
banana-cafe-key-west.com,2020-06-15,?,,3,1,368,46
bananafoodindonesia.com,2020-06-15,US,ns23.domaincontrol.com,0,1,330,48
bananafoodmalaysia.com,2020-06-15,US,ns23.domaincontrol.com,0,1,335,50
bananagirlrum.com,2020-06-15,US,ns1075.ui-dns.de,0,1,345,63
bananalaranja.com,2020-06-15,US,ns1.bluehost.com,3,1,289,63
bananaren.com,2020-06-15,US,ns1.dnsowl.com,0,1,296,80
bananathrift.com,2020-06-14,CA,ns1094.ui-dns.de,2,1,345,66
bandanaup.com,2020-06-15,CA,ns75.domaincontrol.com,2,1,318,80
bananahorizon.icu,2020-06-16,TR,dexter.ns.cloudflare.com,2,1,329,63
bandana100.com,2020-06-15,DE,ns1084.ui-dns.biz,0,1,318,75
bananacode.online,2020-06-16,BR,ns75.domaincontrol.com,0,1,310,75
bandanasgonebananas.com,2020-06-17,US,dns1.registrar-servers.com,0,1,308,48
bananadecaboverde.com,2020-06-17,CA,,0,1,330,52
banana-oukoku.com,2020-06-17,US,ns-497.awsdns-62.com,2,1,317,63
bananasaustralia.com,2020-06-16,US,ns1.namebrightdns.com,2,1,334,54
bananaflix.com,2020-06-17,US,ns35.domaincontrol.com,3,1,332,75
banan-alwatan.com,2020-06-17,US,ns1.name.com,2,1,312,63
balanaea.com,2020-06-17,US,ns1.bluehost.com,2,1,291,71
bananasaside.com,2020-06-17,US,ns1.wordpress.com,1,1,325,66
bannanahat.com,2020-06-17,CA,ns1.renewyourname.net,1,1,289,75
bananasbakedgoods.com,2020-06-17,US,dns1.p06.nsone.net,2,1,340,52
bananasplitdk.com,2020-06-17,CA,ns-cloud-c1.googledomains.com,2,1,369,63
bananafangs.com,2020-06-17,US,dns1.registrar-servers.com,0,1,305,70
banana.pizza,2020-06-18,US,dns1.name-services.com,0,1,258,100
bananabg.com,2020-06-18,?,,3,1,285,85
bananagreetings.com,2020-06-18,GB,ns.123-reg.co.uk,1,1,353,57
bananasashimi.com,2020-06-18,US,ns05.domaincontrol.com,0,1,314,63
bananasaside.com,2020-06-17,US,ns1.wordpress.com,1,1,325,66
bananenrepublikberlin.com,2020-06-18,US,NS71.WORLDNIC.com,0,1,362,37
bandanaj.com,2020-06-18,CY,ns1.dns-parking.com,0,1,302,85
cananabuy.com,2020-06-18,US,ns33.domaincontrol.com,0,1,302,66
cananashop.com,2020-06-18,US,ns03.domaincontrol.com,0,1,303,62
bananarepublicfactroy.com,2020-06-19,CL,ns1.panamans.com,0,1,381,44
bananastonks.com,2020-06-19,GB,sofia.nooder.net,2,1,315,66
balana.mobi,2020-06-21,CA,dns1.registrar-servers.com,2,1,284,83
banana-fruit.com,2020-06-20,US,ns65.domaincontrol.com,2,1,357,66
bananaclipusa.com,2020-06-21,DE,ns1.name.com,0,1,338,63
bananaclipusa.net,2020-06-21,DE,ns1.name.com,0,1,333,63
bananafruitco.com,2020-06-20,US,ns41.domaincontrol.com,0,1,345,63
bananamafioso.com,2020-06-20,US,ns1.wordpress.com,2,1,310,63
banana-splits-show.com,2020-06-22,US,ns1.dns.com,3,1,375,50
bananagiftvanilla.com,2020-06-21,GB,ns1.myukcloud.com,2,1,342,52
bananaoukokukiryu.com,2020-06-22,?,,0,1,339,52
bandanaartist.com,2020-06-22,US,ns41.domaincontrol.com,0,1,338,63
banan-alwatan.com,2020-06-17,US,ns1.name.com,2,1,312,63
banana-oukoku.com,2020-06-17,US,ns-497.awsdns-62.com,2,1,317,63
bananaflix.com,2020-06-17,US,ns35.domaincontrol.com,3,1,332,75
bananaflourpower.com,2020-06-16,US,ns35.domaincontrol.com,0,1,364,54
bananasaustralia.com,2020-06-16,US,ns1.namebrightdns.com,2,1,334,54
bandanasgonebananas.com,2020-06-17,US,ns1.server.ssh.ninja,1,1,308,48
binanansa38seerhne28nvks.top,2020-06-23,US,adel.ns.cloudflare.com,1,1,381,40
bananamobilize.com,2020-06-24,JP,dns1.onamae.com,1,1,335,60
bananaship.net,2020-06-17,CA,dns27.hichina.com,2,1,312,75
bananaswaterpark.com,2020-06-23,US,ns39.domaincontrol.com,0,1,354,54
bandanabrazil.com,2020-06-23,VG,208.91.197.91,0,1,338,63
cananan.com,2020-06-23,US,ns1.dnsowl.com,0,1,241,76
balanamom.com,2020-06-24,US,ns80.hostgator.mx,2,1,281,66
bananablog.info,2020-06-25,JP,,0,1,300,75
bananadaily.net,2020-06-24,?,,3,1,305,70
bananapuddingbogota.com,2020-06-24,?,loca244235.mercury.orderbox-dns.com,0,1,350,48
bananaspizzaae.com,2020-06-25,US,ns15.domaincontrol.com,2,1,330,60
bananasplt.com,2020-06-24,US,ns1082.ui-dns.com,0,1,332,75
bananabred.com,2020-06-26,US,ns1.dreamhost.com,0,1,318,75
bananacosmos.com,2020-06-26,GB,ns.mainnameserver.com,3,1,290,66
bananareupblicfactory.com,2020-06-26,CL,ns1.panamans.com,0,1,381,44
banana--store.com,2020-06-26,US,ns01.domaincontrol.com,1,1,345,63
bananabooth.net,2020-06-26,FR,dns104.ovh.net,0,1,287,70
bananafanafofeather.com,2020-06-27,US,dns1.registrar-servers.com,0,1,326,48
bananahandcream.com,2020-06-27,US,ns01.domaincontrol.com,0,1,317,57
bananamulkshake.com,2020-06-27,CA,ns-cloud-e1.googledomains.com,2,1,351,57
bananasmiths.com,2020-06-27,SC,jm1.dns.com,0,1,332,66
bananabooty.com,2020-06-28,US,ns11.domaincontrol.com,1,1,300,70
bananabunchgt.com,2020-06-28,US,ns1.enter-system.com,2,1,329,63
bananas-shop.com,2020-06-27,US,ns1.bluehost.com,2,1,332,66
bananasalai.com,2020-06-28,?,,2,1,299,70
banafaa.com,2020-06-29,US,donald.ns.cloudflare.com,1,1,273,76
banana686868.com,2020-06-29,?,dns13.hichina.com,0,1,298,66
bananacoo.com,2020-06-29,DE,ns2.active-arts.net,1,1,266,80
bananaparasite.com,2020-06-28,US,ns50.hostgator.mx,2,1,341,60
bananarepublicsweden.com,2020-06-28,NL,ns1.proffh50.com,2,1,382,46
bananasbeachbarandguesthouse.com,2020-06-28,US,ns6.wixdns.net,2,1,367,35
bananasecuador.com,2020-06-29,US,ns69.domaincontrol.com,2,1,339,60
bananasilks.com,2020-06-29,?,ns-cloud-e1.googledomains.com,0,1,332,70
bananawear.store,2020-06-29,US,ns1.asmallorange.com,0,1,312,75
cananacouture.com,2020-06-29,CA,ns-cloud-b1.googledomains.com,3,1,317,52
banalazim.xyz,2020-06-30,TR,ns1.natrohost.com,0,1,318,66
banana-boutique.com,2020-06-30,GB,ns1.livedns.co.uk,0,1,357,57
banana21days.com,2020-06-30,JP,ns-a1.conoha.io,2,1,337,66
bananalcosmetics.com,2020-06-30,US,ns1.undeveloped.com,1,1,344,54
bananaleavesasiacafe.com,2020-06-29,US,bananaleavesasiacafe.com,1,1,331,46
bananaorchidco.com,2020-06-30,US,ns59.domaincontrol.com,0,1,326,60
bananapyjamas.com,2020-06-30,US,ns07.domaincontrol.com,0,1,316,63
bananas-ero.town,2020-06-29,US,dns1.namecheaphosting.com,2,1,328,70
jananaenterprises.com,2020-06-30,?,ns-cloud-c1.googledomains.com,0,1,352,43
bananamulata.com,2020-07-01,?,ns1.locaweb.com.br,0,1,302,66
bananarepublicmedia.com,2020-07-01,US,ns1.dreamhost.com,3,1,365,48
bananaworlds.com,2020-07-01,GH,ns33.domaincontrol.com,0,1,345,66
bananbantan.xyz,2020-07-01,LT,ns1.dns-parking.com,0,1,270,70
bananev.com,2020-07-01,US,ns07.domaincontrol.com,1,1,309,76
bandanasypaliacates.com,2020-07-01,US,ns1123.ui-dns.com,0,1,358,48
bananacater.com,2020-07-01,US,ns1.netfirms.com,1,1,310,70
bananafibrehome.com,2020-07-02,TH,dns1.name-services.com,1,1,347,57
bananaprotein.com,2020-07-02,US,ns1.estibotmarket.com,2,1,341,63
bananarepublic.press,2020-07-02,?,,0,1,348,60
bananarepublicards.com,2020-07-02,US,ns1.dreamhost.com,0,1,373,50
bananaundber.com,2020-07-01,US,,2,1,328,66
barnana.world,2020-07-02,US,ns33.domaincontrol.com,0,1,302,92
banana303.com,2020-07-03,US,lorna.ns.cloudflare.com,1,1,302,80
banana606.com,2020-07-03,?,lorna.ns.cloudflare.com,1,1,302,80
bananaclipsblog.com,2020-07-02,US,ns1.wordpress.com,2,1,347,57
bananafresh.com,2020-07-02,US,,1,1,345,70
bananahousestore.com,2020-07-03,CA,ns-cloud-b1.googledomains.com,2,1,354,54
bananainitiative.com,2020-07-03,US,ns1.dreamhost.com,0,1,318,54
bananarupublicfactor.com,2020-07-02,CL,ns1.panamans.com,0,1,363,46
bananaya.com,2020-07-03,JP,dns1.onamae.com,3,1,275,85
bandanablessings.com,2020-07-03,US,ns1.domain.com,1,1,350,54
banana99.online,2020-07-04,US,greg.ns.cloudflare.com,1,1,292,85
bananacreme.com,2020-07-03,US,ns1.dan.com,3,1,305,70
bananacritic.com,2020-07-04,?,ns-cloud-c1.googledomains.com,0,1,315,66
bananadelicious.com,2020-07-04,US,ns43.domaincontrol.com,2,1,357,57
bananasrec.tech,2020-07-04,DE,ns1056.ui-dns.org,0,1,318,75
bananahammockorchestra.com,2020-07-05,?,ns-cloud-e1.googledomains.com,0,1,347,42
bananascandlecompany.com,2020-07-05,?,ns-cloud-e1.googledomains.com,0,1,340,46
bananaxsw.com,2020-07-05,?,,2,1,318,80
bananka.site,2020-07-06,UA,ns16.inhostedns.com,2,1,302,92
bandanastobarkabout.com,2020-07-05,US,dns1.p08.nsone.net,2,1,343,48
banana.ooo,2020-07-07,?,ns-cloud-e1.googledomains.com,0,1,217,100
bananafritter.co.uk,2020-07-05,GB,ns0.phase8.net,0,1,357,63
bananapride.com,2020-07-06,FR,dns104.ovh.net,0,1,345,70
bananapuddingbourbon.com,2020-07-06,US,ns73.domaincontrol.com,0,1,349,46
bananapuddingwhiskey.com,2020-07-06,US,ns73.domaincontrol.com,0,1,402,46
bananebleu.com,2020-07-07,DE,ns1119.ui-dns.org,2,1,323,62
bandanabasket.com,2020-07-06,US,ns15.domaincontrol.com,0,1,338,63
bandanasforthebrave.com,2020-07-06,US,ns73.domaincontrol.com,0,1,374,48
binanakhoda.com,2020-07-06,US,ns21.domaincontrol.com,0,1,332,58
banana-digital.com,2020-07-08,US,ns1.wordpress.com,3,1,350,60
bananafix.icu,2020-07-08,TR,nucum.ns.cloudflare.com,2,1,302,80
bananaleafgallery.com,2020-07-07,?,ns1.systemdns.com,0,1,342,52
bananamaluca.com,2020-07-07,US,,3,1,289,66
bananaoat.com,2020-07-08,?,,0,1,277,80
bananaoatmeal.com,2020-07-07,?,,0,1,305,63
bandanaoutlaws.com,2020-07-08,US,ns29.domaincontrol.com,0,1,350,60
byanana.com,2020-07-07,US,ns41.domaincontrol.com,0,1,284,92
banana-mango.com,2020-07-09,KR,jm1.dns.com,4,1,295,66
bananahappy24.com,2020-07-08,US,ns39.domaincontrol.com,0,1,338,63
bananaradioec.com,2020-07-09,US,ns4926.banahosting.com,2,1,326,63
bananarules.com,2020-07-09,US,ns63.domaincontrol.com,0,1,345,70
bananatized.com,2020-07-08,US,jack.ns.cloudflare.com,1,1,345,70
bananabreadlife.com,2020-07-12,US,ns55.domaincontrol.com,0,1,351,57
bananalampshade.com,2020-07-12,US,ns55.domaincontrol.com,1,1,342,57
bananameatloaf.com,2020-07-12,US,ns1.bluehost.com,2,1,319,60
bananarestaurants.com,2020-07-11,US,ns05.domaincontrol.com,1,1,332,52
bananascream.com,2020-07-12,?,ns-cloud-c1.googledomains.com,0,1,312,66
bananasworldwide.com,2020-07-12,US,ns19.domaincontrol.com,0,1,368,54
banana-motors.com,2020-07-12,US,ns27.domaincontrol.com,0,1,329,63
bananabobb.com,2020-07-13,US,ns43.domaincontrol.com,1,1,261,75
bananacathome.com,2020-07-13,CA,ns-cloud-c1.googledomains.com,1,1,314,63
bananaham.com,2020-07-13,US,ns43.domaincontrol.com,3,1,277,80
bananalambda.com,2020-07-13,US,ns27.domaincontrol.com,1,1,289,66
bananaroads.com,2020-07-13,DE,docks07.rzone.de,0,1,310,70
bananatuts.com,2020-07-13,US,anderson.ns.cloudflare.com,3,1,318,75
bananza-slots.xyz,2020-07-13,?,,0,1,345,63
balanandcompany.com,2020-07-14,US,ns31.domaincontrol.com,0,1,326,57
banafakynam.com,2020-07-14,ID,ns1.rumahweb.com,1,1,310,70
bananaflambe.com,2020-07-14,KR,bananaflambe.com,1,1,312,66
bananaleafahemdabad.com,2020-07-14,IN,ns1.md-in-42.webhostbox.net,2,1,323,48
bananaleafthaibistro.com,2020-07-13,CH,ns1.panamans.com,3,1,368,46
bananasplitblog.com,2020-07-14,US,ns1.wordpress.com,1,1,357,57
bandanahairstyles.design,2020-07-14,DE,ns1.sedoparking.com,0,1,360,52
banana.homes,2020-07-15,DE,ns1.name.com,0,1,302,100
bananagigs.com,2020-07-15,?,,0,1,318,75
bananasbrecho.com,2020-07-14,IT,ns1.amenworld.com,0,1,333,63
bananasci.com,2020-07-15,SC,jm1.dns.com,3,1,302,80
bananads.biz,2020-07-16,FR,ns1.gandi.net,0,1,285,85
bananads.pro,2020-07-16,FR,ns1.gandi.net,0,1,302,85
bananajp.com,2020-07-16,US,ns-cloud-c1.googledomains.com,2,1,302,85
bananakun.com,2020-07-16,NL,ns1.domainesia.net,2,1,296,80
bananapublics.com,2020-07-16,TR,ns1.turkticaret.net,0,1,345,63
bananashappy.com,2020-07-16,CA,ns45.domaincontrol.com,2,1,325,66
bananatechnologies.net,2020-07-15,US,ns1.sm1005.siteground.biz,0,1,348,50
brananabr.com,2020-07-16,?,,0,1,287,80
banana-clothing.com,2020-07-17,CA,ns59.domaincontrol.com,2,1,353,57
banana-crew.net,2020-07-16,UA,ns117.inhostedns.com,0,1,313,70
banana-mama.com,2020-07-18,?,,3,1,268,70
bananads.net,2020-07-16,FR,ns1.gandi.net,3,1,279,85
bananaglow.com,2020-07-16,US,ns1.dns-parking.com,2,1,318,75
bananareset.com,2020-07-17,?,,0,1,332,70
bananerhealth.com,2020-07-17,CH,ns1.panamans.com,0,1,345,63
ban-ana-eyewear.com,2020-07-18,CA,ns-cloud-a1.googledomains.com,2,1,336,57
banana-sling.com,2020-07-18,?,ns1.iwantmyname.net,0,1,340,66
bananabodybeauty.com,2020-07-18,US,ns05.domaincontrol.com,0,1,338,54
bananaelk.com,2020-07-18,AT,ns1.dnsowl.com,0,1,318,80
bananasandwater.com,2020-07-18,US,ns41.domaincontrol.com,2,1,338,57
bananasanwater.com,2020-07-18,US,ns67.domaincontrol.com,0,1,326,60
bananasdigital.com,2020-07-18,US,ns01.domaincontrol.com,1,1,350,60
bananasling.com,2020-07-18,?,ns1.iwantmyname.net,2,1,327,70
bananaso.com,2020-07-18,?,ns3.diymysite.com,0,1,285,85
bananasoverbreakfast.com,2020-07-18,US,ns6343.hostgator.com,1,1,360,46
bananathaistyle.com,2020-07-18,SG,ns-a1.cloud.z.com,0,1,361,57
banana-applications.com,2020-07-19,?,ns1.bdm.microsoftonline.com,0,1,346,48
banana2ch.com,2020-07-19,JP,dns01.muumuu-domain.com,0,1,302,80
bananabodice.com,2020-07-19,US,ns41.domaincontrol.com,0,1,320,66
bananamoda.com,2020-07-19,ES,dns153193.phdns14.es,3,1,280,75
bananamoe.com,2020-07-19,DE,docks10.rzone.de,0,1,287,80
bananas911.xyz,2020-07-19,US,kira.ns.cloudflare.com,1,1,318,75
bananashoebox.com,2020-07-19,US,ns29.domaincontrol.com,0,1,329,63
bandanacabana.com,2020-07-19,US,ns01.domaincontrol.com,2,1,266,63
banana-life.com,2020-07-20,US,ns65.domaincontrol.com,1,1,345,70
bananagrapefruit.com,2020-07-20,CA,ns43.domaincontrol.com,2,1,372,54
bananamoontarot.com,2020-07-20,?,ns-cloud-e1.googledomains.com,0,1,294,57
bananarepublicoutletillboard.com,2020-07-20,CL,ns1.panamans.com,0,1,376,35
bananeee.com,2020-07-20,CA,dns7.hichina.com,2,1,285,71
jananaayakan.com,2020-07-20,SE,ns3.mywebbee.com,2,1,273,55
janananbabdbdd.com,2020-07-21,US,ns-cloud-c1.googledomains.com,1,1,293,50
bananabackpacks.xyz,2020-07-22,US,harley.ns.cloudflare.com,2,1,321,57
bananadachiclete.com,2020-07-21,US,ns31.domaincontrol.com,0,1,348,54
bananajoetattoo.com,2020-07-21,US,ns1.linode.com,0,1,305,57
bananamanorrugco.com,2020-07-22,US,dns1.registrar-servers.com,0,1,314,54
bananasplit.run,2020-07-22,US,dns1.registrar-servers.com,0,1,327,70
bananacrush.com,2020-07-22,US,ns31.domaincontrol.com,2,1,332,70
bananamonkee.com,2020-07-22,CA,ns55.domaincontrol.com,1,1,303,66
bananerocompany.store,2020-07-23,CA,ns-cloud-a1.googledomains.com,2,1,352,57
bananich.com,2020-07-22,RU,ns1.reg.ru,0,1,308,71
bananamilkandkookiesshop.com,2020-07-23,CA,ns-cloud-a1.googledomains.com,2,1,368,40
bananapadel.com,2020-07-24,SE,ns1.loopia.se,0,1,324,70
bananaramabakery.com,2020-07-23,US,ns1.domain.com,1,1,314,54
bananasaboutbikes.com,2020-07-23,DE,ns1074.ui-dns.com,1,1,349,52
bananaumbralla.com,2020-07-23,?,,3,1,308,60
bandanapillow.com,2020-07-23,US,ns17.domaincontrol.com,1,1,345,63
fananapazir.com,2020-07-23,?,,2,1,324,58
banana18.com,2020-07-26,JP,ns1.mixhost.jp,2,1,302,85
bananacute.com,2020-07-26,US,ns35.domaincontrol.com,2,1,318,75
bananamancoffee.com,2020-07-26,CA,ns-cloud-a1.googledomains.com,2,1,305,57
bananasuite.com,2020-07-25,US,ns1.register.it,3,1,345,70
bananaticueva.com,2020-07-26,US,bob.ns.cloudflare.com,1,1,338,63
bananatomy.com,2020-07-24,US,ns-cloud-d1.googledomains.com,2,1,303,75
bananawavebananamilk.com,2020-07-25,US,ns03.domaincontrol.com,0,1,326,46
jananaadinews.com,2020-07-24,LT,ns1.dns-parking.com,0,1,333,52
banana-company.com,2020-07-27,US,ns1.wordpress.com,2,1,312,60
banana1571.com,2020-07-24,?,dns25.hichina.com,0,1,318,75
